metric,minimum,maximum,mean,median,std
accuracy,0.689318454217981,0.9770412245551124,0.9413509426814413,0.9677303470596113,0.060990385200622214
precision,0.9461903909235336,0.9999143982194828,0.9971145621149052,0.9995479239664888,0.007491915818316423
recall,0.639666087120335,0.9747249771386634,0.932072310786346,0.9623641565638528,0.07125702101099113
f1_score,0.7740898264311887,0.98601440337405,0.9620347911102629,0.9802421655376368,0.04385370025538432
roc_auc,0.8316630607077531,0.9994845551293476,0.985670093445758,0.9946524248886974,0.027335089130279516
false_positives,21.0,14124.0,650.6285714285714,111.0,1829.126735265929
false_negatives,6440.0,91812.0,17307.77142857143,9589.5,18156.07518253751
training_time_seconds,0.8617345999809913,2.7712367000058293,1.5562288742894972,1.5114182999823242,0.40198074758053365
test_prediction_time_seconds,0.2767192999599501,0.3983813999802805,0.34156401714177004,0.3447295500081964,0.02705738593561577
