experiment_id,feature_count,sampling_seed,accuracy,precision,recall,f1_score,roc_auc,true_positives,true_negatives,false_positives,false_negatives,training_time_seconds,prediction_time_seconds
Random_01,5,20260903,0.8929755291458878,0.9909212318468859,0.8794412807058168,0.9318589646288745,0.9694623018772963,224079,49351,2053,30718,2.839368100016145,0.40903249999973923
Random_02,5,20260904,0.9778119601177004,0.9966516471412836,0.9766166791602727,0.9865324537338048,0.997079971915812,248839,50568,836,5958,1.233189599995967,0.30383920000167564
Random_03,5,20260905,0.9305717486226368,0.9460407196607968,0.972005164895976,0.9588472028912846,0.8710917148812626,247664,37278,14126,7133,1.233140900003491,0.3010601999994833
Random_04,5,20260906,0.9725245835252008,0.999533684219063,0.9674328975615882,0.9832213493521283,0.9868404377098592,246499,51289,115,8298,1.7831617999763694,0.31774210001458414
Random_05,5,20260907,0.9672535360759762,0.9899790212029979,0.9704706099365377,0.9801277515840127,0.9792452937126153,247273,48901,2503,7524,1.2495841000054497,0.2688040000211913
Random_06,5,20260908,0.8189032694210665,0.9884877207255334,0.7915870281047265,0.879147415220992,0.964111199283634,201694,49055,2349,53103,1.3998200000205543,0.43672940001124516
Random_07,5,20260909,0.9425704031012309,0.999810368222771,0.9311608849397756,0.964265320596059,0.9889912213868355,237257,51359,45,17540,1.3743593999824952,0.2692799000069499
Random_08,5,20260910,0.9745853214065271,0.9964227576920758,0.9729510159067807,0.9845470142496306,0.9974040565088029,247905,50514,890,6892,1.532975299982354,0.3134470999939367
Random_09,5,20260911,0.9742979284848841,0.999478123672553,0.9696189515575144,0.9843221470092554,0.9870040340142132,247056,51275,129,7741,1.6034633999806829,0.3257447000069078
Random_10,5,20260912,0.7674729997615946,0.9657150974314226,0.7470849342810159,0.8424465048350335,0.9111277584328358,190355,44646,6758,64442,2.0404610999976285,0.4538546000258066
Random_11,8,20260913,0.9354998840630827,0.9960534702026448,0.9261569013763898,0.9598343752669235,0.9940442491061162,235982,50469,935,18815,1.7600515999947675,0.32715480000479147
Random_12,8,20260914,0.9724396719801699,0.9985227934986726,0.9683120287915478,0.9831853910756448,0.9981502230737807,246723,51039,365,8074,1.3329086000157986,0.27053469998645596
Random_13,8,20260915,0.9386808011730856,0.9996951284059873,0.9265925422983787,0.9617567143689328,0.9957566496761869,236093,51332,72,18704,1.1535662999958731,0.30880299999262206
Random_14,8,20260916,0.9579295952658547,0.9900655946260215,0.959065452105009,0.9743190009888042,0.9917203553098256,244367,48952,2452,10430,1.6692813000117894,0.3402829999977257
Random_15,8,20260917,0.7406278882172168,0.9882786615957725,0.6965623614092787,0.8171663781354747,0.9470201143084196,177482,49299,2105,77315,1.7694432999996934,0.561650700023165
Random_16,8,20260918,0.9356011247513888,0.9998936749345038,0.9227070962373969,0.9597509822932081,0.9927101030008602,235103,51379,25,19694,1.0602960999822244,0.38088620000053197
Random_17,8,20260919,0.9767407683188494,0.9998990816429508,0.9721464538436481,0.98582748615981,0.9918031176664734,247700,51379,25,7097,1.1142937000258826,0.3106273000012152
Random_18,8,20260920,0.9727107357585377,0.9998417971839899,0.9673583283947613,0.9833318705167998,0.9885942459135123,246480,51365,39,8317,1.2273795999935828,0.36151560000143945
Random_19,8,20260921,0.9401569557251609,0.9993200869950801,0.9287158012064506,0.9627251867402236,0.9958318468213783,236634,51243,161,18163,1.9162550999899395,0.34222500000032596
Random_20,8,20260922,0.9810777887727342,0.9977810029866501,0.9794385334207232,0.9885246875680814,0.9947080153277491,249558,50849,555,5239,1.316362100013066,0.3363478999817744
Random_21,10,20260923,0.9391249538701703,0.9987665845797729,0.9279897330031358,0.9620782116540328,0.9937305184447947,236449,51112,292,18348,1.2706596000061836,0.3047867999994196
Random_22,10,20260924,0.8958363950476974,0.9998699318263365,0.8749357331522741,0.9332401199773106,0.9944361841464083,222931,51375,29,31866,1.6659087000007275,0.29975009997724555
Random_23,10,20260925,0.9261661457669962,0.9994020656695359,0.9118160731876749,0.9536021540684311,0.9980149973049368,232328,51265,139,22469,2.03462920000311,0.23336240000207908
Random_24,10,20260926,0.9737851933860439,0.9965470891720258,0.9718638759483039,0.98405072295309,0.9817621263981982,247628,50546,858,7169,1.6431678000080865,0.336821399978362
Random_25,10,20260927,0.902266811669459,0.9961389279899039,0.8859837439216317,0.937837804153563,0.995671096652402,225746,50529,875,29051,2.3274486000009347,0.34812879998935387
Random_26,10,20260928,0.9719400001959497,0.9986591970575249,0.9675781112022512,0.982872998660458,0.9910939479601107,246536,51073,331,8261,1.4610799000074621,0.320713799999794
Random_27,10,20260929,0.9685761966812649,0.9900265824555793,0.9720287130539214,0.9809451008194676,0.9955923373237974,247670,48909,2495,7127,1.3844559999997728,0.30294429999776185
Random_28,10,20260930,0.9167279009539485,0.9921614416765757,0.9070946675196333,0.9477230045023249,0.9862365587499404,231125,49578,1826,23672,2.9437218999955803,0.4209557000140194
Random_29,10,20260931,0.9408264505994428,0.9996115881821482,0.9292495594532117,0.9631472219566813,0.9944047006706089,236770,51312,92,18027,2.3101330999925267,0.3513532000069972
Random_30,10,20260932,0.9724004820363095,0.999497149160158,0.9673190814648525,0.9831448909134787,0.9964697575513072,246470,51280,124,8327,2.537542799982475,0.3652050000091549
Random_31,12,20260933,0.9694187804742637,0.9997068129344361,0.9635317527286428,0.9812859980734411,0.9988867482812015,245505,51332,72,9292,5.965735000005225,1.0439612000191119
Random_32,12,20260934,0.9666656869180702,0.9985649873213368,0.9613221505747713,0.9795897146719297,0.993690785776484,244942,51052,352,9855,5.761577600002056,1.0588393000070937
Random_33,12,20260935,0.9726846091292974,0.9994406365394047,0.9677154754569324,0.9833222334329002,0.9943399562539261,246571,51266,138,8226,6.126422600005753,1.0245585000084247
Random_34,12,20260936,0.9967080447157259,0.9996849761172519,0.9963578849044533,0.9980186576405514,0.9990818742149018,253869,51324,80,928,4.894855699996697,0.9221531999937724
Random_35,12,20260937,0.9701862502081966,0.9997884217893006,0.9643755617216844,0.981762753985964,0.9936055487651552,245720,51352,52,9077,9.760215099988272,0.9708218999730889
Random_36,12,20260938,0.9724364061515148,0.9996552101798181,0.9672091900611075,0.9831645801916525,0.9984261935296554,246442,51319,85,8355,7.052531499997713,0.884589599998435
Random_37,12,20260939,0.9293470628769991,0.9995843278753155,0.9154738870551851,0.9556820183794459,0.9974576827689601,233260,51307,97,21537,5.897648500016658,1.0426495000137947
Random_38,12,20260940,0.9698008824269025,0.9956640748007655,0.9679234841854496,0.9815978268440482,0.9966896948911023,246624,50330,1074,8173,6.630143599992152,1.0346327000006568
Random_39,12,20260941,0.9725931659269564,0.9995580298674495,0.9674917679564516,0.9832635315703402,0.9952504961367311,246514,51295,109,8283,8.101196000003256,0.8296732000017073
Random_40,12,20260942,0.9396376889690106,0.999134012605397,0.9282644615124982,0.9623963167392644,0.9931291294858975,236519,51199,205,18278,4.748215200001141,1.0238163999747485
Random_41,15,20260943,0.972152279058527,0.9997443140310719,0.9667813985251004,0.9829865939867476,0.9988994469962816,246333,51341,63,8464,9.725363499979721,0.9939024999912363
Random_42,15,20260944,0.9727923814749135,0.999691831090999,0.9676016593601966,0.9833850203922898,0.9949053716344551,246542,51328,76,8255,7.262000400020042,1.0959127999958582
Random_43,15,20260945,0.9203268441317958,0.9982354238658923,0.9058544645345118,0.9498039151135564,0.9898640946310615,230809,50996,408,23988,6.010907400021097,0.933086800010642
Random_44,15,20260946,0.9379198630964628,0.9998812774545887,0.925505402339902,0.9612568048736245,0.9931046391695305,235816,51376,28,18981,6.765282400010619,0.8834333999839146
Random_45,15,20260947,0.9752874745673593,0.9998301754045464,0.9704666852435468,0.9849296271143233,0.9991743205705551,247272,51362,42,7525,6.506593700003577,1.0517438999959268
Random_46,15,20260948,0.9728054447895337,0.9996958884113211,0.9676134334391692,0.983393064056464,0.9948790774359205,246545,51329,75,8252,7.229285699984757,0.9882223999884445
Random_47,15,20260949,0.9406892857959315,0.9992742003544602,0.9293986977868656,0.9630706600756034,0.9896801131946205,236808,51232,172,17989,7.515128300001379,1.372107099974528
Random_48,15,20260950,0.9903527421530302,0.9991517059035719,0.9892463412049592,0.9941743513690472,0.9975052921947111,252057,51190,214,2740,6.8643677000072785,0.9770419999840669
Random_49,15,20260951,0.9661856101057802,0.9905007283978858,0.9686534770817553,0.9794552893601655,0.989037889188614,246810,49037,2367,7987,4.5938883000053465,0.9603027000266593
Random_50,15,20260952,0.9727172674158477,0.9994487566625458,0.9677468730008595,0.9833423726650609,0.9960556200209938,246579,51268,136,8218,8.067631899990374,1.1266653999919072
Random_51,20,20260953,0.9721751398591122,0.9989788516944174,0.9675506383513149,0.9830136090498387,0.9981010040764929,246529,51152,252,8268,8.481924799998524,1.0149308000109158
Random_52,20,20260954,0.9767832240913649,0.9997901465745463,0.9723034415632837,0.9858552415592065,0.9989541376511357,247740,51352,52,7057,7.355086900002789,0.9571914999978617
Random_53,20,20260955,0.9550034127909445,0.9987666328663369,0.9470951384827921,0.9722448288921299,0.9957773018040599,241317,51106,298,13480,7.281127900001593,0.8920062999823131
Random_54,20,20260956,0.9729883311942156,0.9998215835272937,0.9677115507639414,0.98350455015945,0.9885854494063621,246570,51360,44,8227,5.6002548999967985,0.8082394999801181
Random_55,20,20260957,0.9380504962426641,0.996375499894759,0.9289316593209496,0.9614722949464504,0.9948511165942587,236689,50543,861,18108,9.037525099993218,0.9478292999847326
Random_56,20,20260958,0.9763913246527608,0.9998344437714517,0.971789306781477,0.9856124128515047,0.9968441788285498,247609,51363,41,7188,8.211519800010137,1.109102200018242
Random_57,20,20260959,0.9370413551882587,0.9967267189997933,0.9273853302825387,0.960806557856986,0.9945355741867243,236295,50628,776,18502,8.285494199983077,0.9123678999894764
Random_58,20,20260960,0.9718648861368839,0.9984975134049343,0.9676448309830964,0.9828291022301239,0.9966171606414013,246553,51033,371,8244,6.001966199983144,0.9360914999851957
Random_59,20,20260961,0.971770177105888,0.9985175284039127,0.9675113914214061,0.9827699618483422,0.9941025220625965,246519,51038,366,8278,7.20938169999863,0.93098549998831
Random_60,20,20260962,0.942482225727545,0.9996082082478484,0.9312433034925843,0.964215471139936,0.9975013670054453,237278,51311,93,17519,5.523426400002791,0.9571192000003066
Random_61,30,20260963,0.9751274489632626,0.9997735479775004,0.9703293209888656,0.9848314047282359,0.9991147861219741,247237,51348,56,7560,8.214282300003106,0.9602167999837548
Random_62,30,20260964,0.9401014366380254,0.9968606850178608,0.9309489515182675,0.9627780585168454,0.9954951005430345,237203,50657,747,17594,11.524413699982688,1.09099180001067
Random_63,30,20260965,0.9712509103497375,0.9991032154393027,0.9663182847521753,0.9824373095945399,0.9934495885631889,246215,51183,221,8582,9.378756099991733,0.9651101999916136
Random_64,30,20260966,0.9594286106185153,0.9997031148203432,0.9515261168695078,0.9750198566301037,0.994202411164381,242446,51332,72,12351,8.67761480002082,1.0118913000042085
Random_65,30,20260967,0.9729164829638048,0.9997486092414487,0.9676958519919779,0.9834611357630753,0.9981815909939259,246566,51342,62,8231,10.746529800002463,1.1324501000053715
Random_66,30,20260968,0.9708851375403738,0.9997479736266595,0.9652546929516439,0.98219858906596,0.9968508507073794,245944,51342,62,8853,8.981915899988962,0.9989295999985188
Random_67,30,20260969,0.9385795604847796,0.996499112154645,0.929453643488738,0.961809398295465,0.9948570767770001,236822,50572,832,17975,2.928061200014781,0.4261930999928154
Random_68,30,20260970,0.9762574256779044,0.9997173624261609,0.9717422104655863,0.9855313017450006,0.9967569008684488,247597,51334,70,7200,3.256045300018741,0.39650270002312027
Random_69,30,20260971,0.9763390713942802,0.9997940675296987,0.9717657586235317,0.9855806834895343,0.9987149891361331,247603,51353,51,7194,3.0635916000173893,0.4576105999876745
Random_70,30,20260972,0.9729230146211149,0.9997445586947354,0.9677076260709506,0.9834652562975017,0.9958630551319465,246569,51341,63,8228,2.2806449999916367,0.37397439999040216
