feature_name,success_group,successful_set_count,overall_sets_with_feature,successful_sets_with_feature,overall_frequency,successful_frequency,enrichment_ratio,successful_appearance_percentage
Init Fwd Win Bytes,beats_baseline_65,13,17,7,0.24285714285714285,0.5384615384615384,2.2171945701357467,53.84615384615385
Protocol,beats_baseline_65,13,19,7,0.2714285714285714,0.5384615384615384,1.9838056680161944,53.84615384615385
Fwd Packet Length Max,beats_baseline_65,13,20,6,0.2857142857142857,0.46153846153846156,1.6153846153846156,46.15384615384615
Flow Duration,beats_baseline_65,13,14,5,0.2,0.38461538461538464,1.9230769230769231,38.46153846153847
Flow IAT Min,beats_baseline_65,13,17,5,0.24285714285714285,0.38461538461538464,1.5837104072398192,38.46153846153847
Fwd Packet Length Mean,beats_baseline_65,13,19,5,0.2714285714285714,0.38461538461538464,1.4170040485829962,38.46153846153847
Subflow Fwd Packets,beats_baseline_65,13,19,5,0.2714285714285714,0.38461538461538464,1.4170040485829962,38.46153846153847
Bwd Packet Length Max,beats_baseline_65,13,20,5,0.2857142857142857,0.38461538461538464,1.3461538461538463,38.46153846153847
Bwd Packets/s,beats_baseline_65,13,20,5,0.2857142857142857,0.38461538461538464,1.3461538461538463,38.46153846153847
Fwd IAT Total,beats_baseline_65,13,12,4,0.17142857142857143,0.3076923076923077,1.794871794871795,30.76923076923077
Bwd IAT Std,beats_baseline_65,13,13,4,0.18571428571428572,0.3076923076923077,1.6568047337278107,30.76923076923077
Avg Packet Size,beats_baseline_65,13,14,4,0.2,0.3076923076923077,1.5384615384615385,30.76923076923077
Flow IAT Max,beats_baseline_65,13,14,4,0.2,0.3076923076923077,1.5384615384615385,30.76923076923077
Idle Max,beats_baseline_65,13,14,4,0.2,0.3076923076923077,1.5384615384615385,30.76923076923077
URG Flag Count,beats_baseline_65,13,14,4,0.2,0.3076923076923077,1.5384615384615385,30.76923076923077
Avg Fwd Segment Size,beats_baseline_65,13,16,4,0.22857142857142856,0.3076923076923077,1.3461538461538463,30.76923076923077
Bwd IAT Min,beats_baseline_65,13,16,4,0.22857142857142856,0.3076923076923077,1.3461538461538463,30.76923076923077
Flow IAT Mean,beats_baseline_65,13,17,4,0.24285714285714285,0.3076923076923077,1.2669683257918554,30.76923076923077
Idle Std,beats_baseline_65,13,17,4,0.24285714285714285,0.3076923076923077,1.2669683257918554,30.76923076923077
Active Max,beats_baseline_65,13,19,4,0.2714285714285714,0.3076923076923077,1.1336032388663968,30.76923076923077
Flow IAT Std,beats_baseline_65,13,19,4,0.2714285714285714,0.3076923076923077,1.1336032388663968,30.76923076923077
Total Fwd Packets,beats_baseline_65,13,19,4,0.2714285714285714,0.3076923076923077,1.1336032388663968,30.76923076923077
Bwd Header Length,beats_baseline_65,13,20,4,0.2857142857142857,0.3076923076923077,1.076923076923077,30.76923076923077
Init Bwd Win Bytes,beats_baseline_65,13,22,4,0.3142857142857143,0.3076923076923077,0.9790209790209791,30.76923076923077
Bwd Packet Length Mean,beats_baseline_65,13,12,3,0.17142857142857143,0.23076923076923078,1.3461538461538463,23.076923076923077
CWE Flag Count,beats_baseline_65,13,13,3,0.18571428571428572,0.23076923076923078,1.2426035502958581,23.076923076923077
Fwd Act Data Packets,beats_baseline_65,13,13,3,0.18571428571428572,0.23076923076923078,1.2426035502958581,23.076923076923077
Fwd IAT Mean,beats_baseline_65,13,13,3,0.18571428571428572,0.23076923076923078,1.2426035502958581,23.076923076923077
Packet Length Max,beats_baseline_65,13,13,3,0.18571428571428572,0.23076923076923078,1.2426035502958581,23.076923076923077
Flow Packets/s,beats_baseline_65,13,14,3,0.2,0.23076923076923078,1.1538461538461537,23.076923076923077
Packet Length Std,beats_baseline_65,13,14,3,0.2,0.23076923076923078,1.1538461538461537,23.076923076923077
ACK Flag Count,beats_baseline_65,13,17,3,0.24285714285714285,0.23076923076923078,0.9502262443438915,23.076923076923077
Packet Length Variance,beats_baseline_65,13,17,3,0.24285714285714285,0.23076923076923078,0.9502262443438915,23.076923076923077
Down/Up Ratio,beats_baseline_65,13,18,3,0.2571428571428571,0.23076923076923078,0.8974358974358976,23.076923076923077
Fwd IAT Max,beats_baseline_65,13,18,3,0.2571428571428571,0.23076923076923078,0.8974358974358976,23.076923076923077
Fwd Packet Length Std,beats_baseline_65,13,18,3,0.2571428571428571,0.23076923076923078,0.8974358974358976,23.076923076923077
Bwd IAT Max,beats_baseline_65,13,20,3,0.2857142857142857,0.23076923076923078,0.8076923076923078,23.076923076923077
Bwd Packets Length Total,beats_baseline_65,13,20,3,0.2857142857142857,0.23076923076923078,0.8076923076923078,23.076923076923077
Subflow Fwd Bytes,beats_baseline_65,13,24,3,0.34285714285714286,0.23076923076923078,0.6730769230769231,23.076923076923077
Fwd Seg Size Min,beats_baseline_65,13,10,2,0.14285714285714285,0.15384615384615385,1.076923076923077,15.384615384615385
Bwd IAT Total,beats_baseline_65,13,11,2,0.15714285714285714,0.15384615384615385,0.9790209790209791,15.384615384615385
Fwd IAT Min,beats_baseline_65,13,11,2,0.15714285714285714,0.15384615384615385,0.9790209790209791,15.384615384615385
Fwd IAT Std,beats_baseline_65,13,11,2,0.15714285714285714,0.15384615384615385,0.9790209790209791,15.384615384615385
Fwd PSH Flags,beats_baseline_65,13,11,2,0.15714285714285714,0.15384615384615385,0.9790209790209791,15.384615384615385
Fwd Packets Length Total,beats_baseline_65,13,11,2,0.15714285714285714,0.15384615384615385,0.9790209790209791,15.384615384615385
Fwd Header Length,beats_baseline_65,13,12,2,0.17142857142857143,0.15384615384615385,0.8974358974358975,15.384615384615385
Active Mean,beats_baseline_65,13,13,2,0.18571428571428572,0.15384615384615385,0.8284023668639053,15.384615384615385
Avg Bwd Segment Size,beats_baseline_65,13,13,2,0.18571428571428572,0.15384615384615385,0.8284023668639053,15.384615384615385
Packet Length Mean,beats_baseline_65,13,14,2,0.2,0.15384615384615385,0.7692307692307693,15.384615384615385
Fwd Packets/s,beats_baseline_65,13,15,2,0.21428571428571427,0.15384615384615385,0.7179487179487181,15.384615384615385
Subflow Bwd Bytes,beats_baseline_65,13,15,2,0.21428571428571427,0.15384615384615385,0.7179487179487181,15.384615384615385
Bwd IAT Mean,beats_baseline_65,13,16,2,0.22857142857142856,0.15384615384615385,0.6730769230769231,15.384615384615385
Fwd Packet Length Min,beats_baseline_65,13,21,2,0.3,0.15384615384615385,0.5128205128205129,15.384615384615385
Total Backward Packets,beats_baseline_65,13,10,1,0.14285714285714285,0.07692307692307693,0.5384615384615385,7.6923076923076925
Active Min,beats_baseline_65,13,11,1,0.15714285714285714,0.07692307692307693,0.48951048951048953,7.6923076923076925
Subflow Bwd Packets,beats_baseline_65,13,11,1,0.15714285714285714,0.07692307692307693,0.48951048951048953,7.6923076923076925
Active Std,beats_baseline_65,13,13,1,0.18571428571428572,0.07692307692307693,0.41420118343195267,7.6923076923076925
Bwd Packet Length Min,beats_baseline_65,13,13,1,0.18571428571428572,0.07692307692307693,0.41420118343195267,7.6923076923076925
Packet Length Min,beats_baseline_65,13,13,1,0.18571428571428572,0.07692307692307693,0.41420118343195267,7.6923076923076925
Flow Bytes/s,beats_baseline_65,13,14,1,0.2,0.07692307692307693,0.38461538461538464,7.6923076923076925
RST Flag Count,beats_baseline_65,13,15,1,0.21428571428571427,0.07692307692307693,0.35897435897435903,7.6923076923076925
Idle Min,beats_baseline_65,13,16,1,0.22857142857142856,0.07692307692307693,0.33653846153846156,7.6923076923076925
SYN Flag Count,beats_baseline_65,13,17,1,0.24285714285714285,0.07692307692307693,0.31674208144796384,7.6923076923076925
Idle Mean,beats_baseline_65,13,18,1,0.2571428571428571,0.07692307692307693,0.2991452991452992,7.6923076923076925
Bwd Packet Length Std,beats_baseline_65,13,10,0,0.14285714285714285,0.0,0.0,0.0
Fwd IAT Std,beats_top_10,1,11,1,0.15714285714285714,1.0,6.363636363636364,100.0
Fwd Header Length,beats_top_10,1,12,1,0.17142857142857143,1.0,5.833333333333333,100.0
Active Mean,beats_top_10,1,13,1,0.18571428571428572,1.0,5.384615384615384,100.0
Idle Max,beats_top_10,1,14,1,0.2,1.0,5.0,100.0
Flow IAT Mean,beats_top_10,1,17,1,0.24285714285714285,1.0,4.11764705882353,100.0
Init Fwd Win Bytes,beats_top_10,1,17,1,0.24285714285714285,1.0,4.11764705882353,100.0
Fwd IAT Max,beats_top_10,1,18,1,0.2571428571428571,1.0,3.8888888888888893,100.0
Protocol,beats_top_10,1,19,1,0.2714285714285714,1.0,3.68421052631579,100.0
Total Fwd Packets,beats_top_10,1,19,1,0.2714285714285714,1.0,3.68421052631579,100.0
Bwd Header Length,beats_top_10,1,20,1,0.2857142857142857,1.0,3.5,100.0
Bwd Packets/s,beats_top_10,1,20,1,0.2857142857142857,1.0,3.5,100.0
Fwd Packet Length Max,beats_top_10,1,20,1,0.2857142857142857,1.0,3.5,100.0
ACK Flag Count,beats_top_10,1,17,0,0.24285714285714285,0.0,0.0,0.0
Active Max,beats_top_10,1,19,0,0.2714285714285714,0.0,0.0,0.0
Active Min,beats_top_10,1,11,0,0.15714285714285714,0.0,0.0,0.0
Active Std,beats_top_10,1,13,0,0.18571428571428572,0.0,0.0,0.0
Avg Bwd Segment Size,beats_top_10,1,13,0,0.18571428571428572,0.0,0.0,0.0
Avg Fwd Segment Size,beats_top_10,1,16,0,0.22857142857142856,0.0,0.0,0.0
Avg Packet Size,beats_top_10,1,14,0,0.2,0.0,0.0,0.0
Bwd IAT Max,beats_top_10,1,20,0,0.2857142857142857,0.0,0.0,0.0
Bwd IAT Mean,beats_top_10,1,16,0,0.22857142857142856,0.0,0.0,0.0
Bwd IAT Min,beats_top_10,1,16,0,0.22857142857142856,0.0,0.0,0.0
Bwd IAT Std,beats_top_10,1,13,0,0.18571428571428572,0.0,0.0,0.0
Bwd IAT Total,beats_top_10,1,11,0,0.15714285714285714,0.0,0.0,0.0
Bwd Packet Length Max,beats_top_10,1,20,0,0.2857142857142857,0.0,0.0,0.0
Bwd Packet Length Mean,beats_top_10,1,12,0,0.17142857142857143,0.0,0.0,0.0
Bwd Packet Length Min,beats_top_10,1,13,0,0.18571428571428572,0.0,0.0,0.0
Bwd Packet Length Std,beats_top_10,1,10,0,0.14285714285714285,0.0,0.0,0.0
Bwd Packets Length Total,beats_top_10,1,20,0,0.2857142857142857,0.0,0.0,0.0
CWE Flag Count,beats_top_10,1,13,0,0.18571428571428572,0.0,0.0,0.0
Down/Up Ratio,beats_top_10,1,18,0,0.2571428571428571,0.0,0.0,0.0
Flow Bytes/s,beats_top_10,1,14,0,0.2,0.0,0.0,0.0
Flow Duration,beats_top_10,1,14,0,0.2,0.0,0.0,0.0
Flow IAT Max,beats_top_10,1,14,0,0.2,0.0,0.0,0.0
Flow IAT Min,beats_top_10,1,17,0,0.24285714285714285,0.0,0.0,0.0
Flow IAT Std,beats_top_10,1,19,0,0.2714285714285714,0.0,0.0,0.0
Flow Packets/s,beats_top_10,1,14,0,0.2,0.0,0.0,0.0
Fwd Act Data Packets,beats_top_10,1,13,0,0.18571428571428572,0.0,0.0,0.0
Fwd IAT Mean,beats_top_10,1,13,0,0.18571428571428572,0.0,0.0,0.0
Fwd IAT Min,beats_top_10,1,11,0,0.15714285714285714,0.0,0.0,0.0
Fwd IAT Total,beats_top_10,1,12,0,0.17142857142857143,0.0,0.0,0.0
Fwd PSH Flags,beats_top_10,1,11,0,0.15714285714285714,0.0,0.0,0.0
Fwd Packet Length Mean,beats_top_10,1,19,0,0.2714285714285714,0.0,0.0,0.0
Fwd Packet Length Min,beats_top_10,1,21,0,0.3,0.0,0.0,0.0
Fwd Packet Length Std,beats_top_10,1,18,0,0.2571428571428571,0.0,0.0,0.0
Fwd Packets Length Total,beats_top_10,1,11,0,0.15714285714285714,0.0,0.0,0.0
Fwd Packets/s,beats_top_10,1,15,0,0.21428571428571427,0.0,0.0,0.0
Fwd Seg Size Min,beats_top_10,1,10,0,0.14285714285714285,0.0,0.0,0.0
Idle Mean,beats_top_10,1,18,0,0.2571428571428571,0.0,0.0,0.0
Idle Min,beats_top_10,1,16,0,0.22857142857142856,0.0,0.0,0.0
Idle Std,beats_top_10,1,17,0,0.24285714285714285,0.0,0.0,0.0
Init Bwd Win Bytes,beats_top_10,1,22,0,0.3142857142857143,0.0,0.0,0.0
Packet Length Max,beats_top_10,1,13,0,0.18571428571428572,0.0,0.0,0.0
Packet Length Mean,beats_top_10,1,14,0,0.2,0.0,0.0,0.0
Packet Length Min,beats_top_10,1,13,0,0.18571428571428572,0.0,0.0,0.0
Packet Length Std,beats_top_10,1,14,0,0.2,0.0,0.0,0.0
Packet Length Variance,beats_top_10,1,17,0,0.24285714285714285,0.0,0.0,0.0
RST Flag Count,beats_top_10,1,15,0,0.21428571428571427,0.0,0.0,0.0
SYN Flag Count,beats_top_10,1,17,0,0.24285714285714285,0.0,0.0,0.0
Subflow Bwd Bytes,beats_top_10,1,15,0,0.21428571428571427,0.0,0.0,0.0
Subflow Bwd Packets,beats_top_10,1,11,0,0.15714285714285714,0.0,0.0,0.0
Subflow Fwd Bytes,beats_top_10,1,24,0,0.34285714285714286,0.0,0.0,0.0
Subflow Fwd Packets,beats_top_10,1,19,0,0.2714285714285714,0.0,0.0,0.0
Total Backward Packets,beats_top_10,1,10,0,0.14285714285714285,0.0,0.0,0.0
URG Flag Count,beats_top_10,1,14,0,0.2,0.0,0.0,0.0
